{
  "carros": [
    {
      "modelo": "Camaro",
      "ano": "2023/2024",
      "marca": "Chevrolet",
      "foto": "/src/assets/images/CHEVROLET_CAMARO.jpg",
      "combustivel": "Gasolina",
      "categoria": "esportivo",
      "estado": "novo",
      "tipo": "carro",
      "preco": "507.900",
      "km": "4.400",
      "cambio": "Automático",
      "cidade": "Pomerode - SC",
      "info": "6.2 V8 GASOLINA SS COLLECTION EDITION AUTOMÁTICO"
    },
    {
      "modelo": "Onix",
      "ano": "2022",
      "marca": "Chevrolet",
      "foto": "/src/assets/images/CHEVROLEX ONIX.jpg",
      "combustivel": "Flex",
      "categoria": "hatch",
      "estado": "novo",
      "tipo": "carro",
      "preco": "85.000",
      "km": "0",
      "cambio": "Automático",
      "cidade": "Rio Branco - AC",
      "info": "Versão 1.0 TURBO AUTOMÁTICO"
    },
    {
      "modelo": "Tracker",
      "ano": "2023",
      "marca": "Chevrolet",
      "foto": "/src/assets/images/CHEVROLET TRACKER.jpg",
      "combustivel": "Flex",
      "categoria": "SUV",
      "estado": "novo",
      "tipo": "carro",
      "preco": "112.900",
      "km": "500",
      "cambio": "Automático",
      "cidade": "Itajaí - SC",
      "info": "Turbo 1.0 AUTOMÁTICO"
    },
    {
      "modelo": "Cruze",
      "ano": "2021",
      "marca": "Chevrolet",
      "foto": "/src/assets/images/CHEVROLET CRUZE.jpg",
      "combustivel": "Gasolina",
      "categoria": "sedan",
      "estado": "novo",
      "tipo": "carro",
      "preco": "102.990",
      "km": "1200",
      "cambio": "Automático",
      "cidade": "Joinville - SC",
      "info": "Sedan 1.4 TURBO AUTOMÁTICO"
    },
    {
      "modelo": "S10",
      "ano": "2022",
      "marca": "Chevrolet",
      "foto": "/src/assets/images/CHEVROLET S10.jpg",
      "combustivel": "Diesel",
      "categoria": "pick-up",
      "estado": "usado",
      "tipo": "carro",
      "preco": "179.900",
      "km": "15.000",
      "cambio": "Automático",
      "cidade": "São José - SC",
      "info": "Pick-up 2.8 LTZ DIESEL AUTOMÁTICO"
    },
    {
      "modelo": "Trailblazer",
      "ano": "2023",
      "marca": "Chevrolet",
      "foto": "/src/assets/images/CHEVROLET TRAILBRAZER.jpg",
      "combustivel": "Diesel",
      "categoria": "SUV",
      "estado": "novo",
      "tipo": "carro",
      "preco": "218.000",
      "km": "4.200",
      "cambio": "Automático",
      "cidade": "Curitiba - PR",
      "info": "SUV 2.8 LTZ DIESEL AUTOMÁTICO"
    },
    {
      "modelo": "Spin",
      "ano": "2021",
      "marca": "Chevrolet",
      "foto": "/src/assets/images/CHEVROLET SPIN.webp",
      "combustivel": "Flex",
      "categoria": "MPV",
      "estado": "novo",
      "tipo": "carro",
      "preco": "89.500",
      "km": "12.900",
      "cambio": "Automático",
      "cidade": "Florianópolis - SC",
      "info": "Versão 1.8 FLEX AUTOMÁTICO"
    },
    {
      "modelo": "Bolt EV",
      "ano": "2024",
      "marca": "Chevrolet",
      "foto": "/src/assets/images/CHEVROLET BOLT.jpg",
      "combustivel": "Elétrico",
      "categoria": "elétrico",
      "estado": "novo",
      "tipo": "carro",
      "preco": "250.000",
      "km": "47.890",
      "cambio": "Automático",
      "cidade": "Porto Alegre - RS",
      "info": "Elétrico 100% com autonomia de até 416 km"
    },
    {
      "modelo": "Avalanche",
      "ano": "2021",
      "marca": "Chevrolet",
      "foto": "/src/assets/images/CHEVROLET AVALANCHE.webp",
      "combustivel": "Gasolina",
      "categoria": "picape",
      "estado": "usado",
      "tipo": "carro",
      "preco": "229.700",
      "km": "16.500",
      "cambio": "Automátic0",
      "cidade": "Chapecó - SC",
      "info": "5.3 LTZ 4X4 CD V8 FLEX 4P AUTOMÁTICO"
    },
    {
      "modelo": "Montana",
      "ano": "2022",
      "marca": "Chevrolet",
      "foto": "/src/assets/images/CHEVROLET MONTANA.jpg",
      "combustivel": "Flex",
      "categoria": "pick-up",
      "estado": "novo",
      "tipo": "carro",
      "preco": "92.500",
      "km": "0",
      "cambio": "Manual",
      "cidade": "Balneário Camboriú - SC",
      "info": "Versão 1.4 FLEX, ideal para trabalho e lazer"
    },
    {
      "modelo": "Cruze",
      "ano": "2020",
      "marca": "Chevrolet",
      "foto": "/src/assets/images/CHEVROLET CRUZE.jpg",
      "combustivel": "Gasolina",
      "categoria": "hatch",
      "estado": "usado",
      "tipo": "carro",
      "preco": "125.000",
      "km": "15000",
      "cambio": "Automático",
      "cidade": "Joinville - SC",
      "info": "1.4 TURBO LT 16V FLEX 4P AUTOMÁTICO"
    },
    {
      "modelo": "Camaro",
      "ano": "2023",
      "marca": "Chevrolet",
      "foto": "/src/assets/images/CHEVROLET_CAMARO2.jpg",
      "combustivel": "Gasolina",
      "categoria": "esportivo",
      "estado": "novo",
      "tipo": "carro",
      "preco": "424.900",
      "km": "54.000",
      "cambio": "Automático",
      "cidade": "Florianópolis - SC",
      "info": "6.2 V8 GASOLINA SS AUTOMÁTICO"
    },
    {
      "modelo": "Impala",
      "ano": "2022",
      "marca": "Chevrolet",
      "foto": "/src/assets/images/CHEVROLET IMPALA.jpg",
      "combustivel": "Gasolina",
      "categoria": "sedan",
      "estado": "novo",
      "tipo": "carro",
      "preco": "180.000",
      "km": "0",
      "cambio": "Automático",
      "cidade": "Curitiba - PR",
      "info": "6.5 SEDAN V8 GASOLINA 4P AUTOMÁTICO"
    },


    {
      "modelo": "Creta",
      "ano": "2023",
      "marca": "Hyundai",
      "foto": "/src/assets/images/HYUNDAI CRETA.jpg",
      "combustivel": "Flex",
      "categoria": "SUV",
      "estado": "novo",
      "tipo": "carro",
      "preco": "125.900",
      "km": "0",
      "cambio": "Automático",
      "cidade": "São Paulo - SP",
      "info": "SUV compacto com motor 2.0, design arrojado e tecnologia de ponta"
    },
    {
      "modelo": "HB20",
      "ano": "2022",
      "marca": "Hyundai",
      "foto": "/src/assets/images/HYUNDAI HB20.jpg",
      "combustivel": "Flex",
      "categoria": "hatch",
      "estado": "usado",
      "tipo": "carro",
      "preco": "52.000",
      "km": "18000",
      "cambio": "Manual",
      "cidade": "Campinas - SP",
      "info": "Hatch compacto, motor 1.0 Turbo, econômico e ideal para a cidade"
    },
    {
      "modelo": "Elantra",
      "ano": "2021",
      "marca": "Hyundai",
      "foto": "/src/assets/images/HYUNDAI ELANTRA.webp",
      "combustivel": "Gasolina",
      "categoria": "sedan",
      "estado": "usado",
      "tipo": "carro",
      "preco": "98.500",
      "km": "22000",
      "cambio": "Automático",
      "cidade": "Curitiba - PR",
      "info": "Sedan elegante, motor 2.0, conforto e tecnologia"
    },
    {
      "modelo": "Kona",
      "ano": "2023",
      "marca": "Hyundai",
      "foto": "/src/assets/images/HYUNDAI KONA.jpg",
      "combustivel": "Elétrico",
      "categoria": "SUV",
      "estado": "novo",
      "tipo": "carro",
      "preco": "209.900",
      "km": "0",
      "cambio": "Automático",
      "cidade": "Rio de Janeiro - RJ",
      "info": "SUV compacto 100% elétrico com autonomia de até 400 km"
    },
    {
      "modelo": "Santa Fe",
      "ano": "2022",
      "marca": "Hyundai",
      "foto": "/src/assets/images/HYUNDAI SANTA FÉ.webp",
      "combustivel": "Diesel",
      "categoria": "SUV",
      "estado": "novo",
      "tipo": "carro",
      "preco": "198.000",
      "km": "0",
      "cambio": "Automático",
      "cidade": "Brasília - DF",
      "info": "SUV grande com motor 2.2 Diesel, 7 lugares e ótima performance"
    },
    {
      "modelo": "Tucson",
      "ano": "2023",
      "marca": "Hyundai",
      "foto": "/src/assets/images/HYUNDAI TUCSON.jpg",
      "combustivel": "Híbrido",
      "categoria": "SUV",
      "estado": "novo",
      "tipo": "carro",
      "preco": "169.900",
      "km": "0",
      "cambio": "Automático",
      "cidade": "Porto Alegre - RS",
      "info": "SUV híbrido com motor 1.6 Turbo, eficiência e muito conforto"
    },
    {
      "modelo": "Veloster",
      "ano": "2022",
      "marca": "Hyundai",
      "foto": "/src/assets/images/HYUNDAI VELOSTER.jpg",
      "combustivel": "Gasolina",
      "categoria": "esportivo",
      "estado": "usado",
      "tipo": "carro",
      "preco": "105.000",
      "km": "13000",
      "cambio": "Automático",
      "cidade": "São José - SC",
      "info": "Carro esportivo compacto, motor 1.6 Turbo e desempenho excepcional"
    },
    {
      "modelo": "Ioniq",
      "ano": "2023",
      "marca": "Hyundai",
      "foto": "/src/assets/images/HYUNDAI IONIQ.jpg",
      "combustivel": "Elétrico",
      "categoria": "hatch",
      "estado": "novo",
      "tipo": "carro",
      "preco": "179.900",
      "km": "0",
      "cambio": "Automático",
      "cidade": "Salvador - BA",
      "info": "Hatch 100% elétrico com excelente autonomia e design moderno"
    },
    {
      "modelo": "Palisade",
      "ano": "2023",
      "marca": "Hyundai",
      "foto": "/src/assets/images/HYUNDAI PALISADE.webp",
      "combustivel": "Gasolina",
      "categoria": "SUV",
      "estado": "novo",
      "tipo": "carro",
      "preco": "315.000",
      "km": "0",
      "cambio": "Automático",
      "cidade": "Fortaleza - CE",
      "info": "SUV de luxo, 7 lugares, motor V6, ideal para viagens longas"
    },
    {
      "modelo": "HB20S",
      "ano": "2022",
      "marca": "Hyundai",
      "foto": "/src/assets/images/HYUNDAI HB20S.webp",
      "combustivel": "Flex",
      "categoria": "sedan",
      "estado": "usado",
      "tipo": "carro",
      "preco": "60.000",
      "km": "25000",
      "cambio": "Automático",
      "cidade": "Maceió - AL",
      "info": "Sedan compacto, motor 1.0 Turbo, ótimo custo-benefício"
    },
    {
      "modelo": "Kona N",
      "ano": "2022",
      "marca": "Hyundai",
      "foto": "/src/assets/images/HYUNDAI KONA2.jpg",
      "combustivel": "Gasolina",
      "categoria": "esportivo",
      "estado": "novo",
      "tipo": "carro",
      "preco": "165.000",
      "km": "0",
      "cambio": "Automático",
      "cidade": "Curitiba - PR",
      "info": "SUV esportivo, motor 2.0 Turbo, performance de alto nível"
    },
    {
      "modelo": "Accent",
      "ano": "2020",
      "marca": "Hyundai",
      "foto": "/src/assets/images/HYUNDAI ACCENT.jpg",
      "combustivel": "Gasolina",
      "categoria": "sedan",
      "estado": "usado",
      "tipo": "carro",
      "preco": "58.000",
      "km": "30000",
      "cambio": "Manual",
      "cidade": "Ribeirão Preto - SP",
      "info": "Sedan compacto, motor 1.6, bom desempenho e ótimo preço"
    },
    {
      "modelo": "Tucson Turbo",
      "ano": "2021",
      "marca": "Hyundai",
      "foto": "/src/assets/images/HYUNDAI TUCSON2.jpg",
      "combustivel": "Gasolina",
      "categoria": "SUV",
      "estado": "usado",
      "tipo": "carro",
      "preco": "120.000",
      "km": "22000",
      "cambio": "Automático",
      "cidade": "Rio de Janeiro - RJ",
      "info": "SUV com motor 2.0 Turbo, desempenho e conforto para toda a família"
    },
    {
      "modelo": "Grand Santa Fé",
      "ano": "2022",
      "marca": "Hyundai",
      "foto": "/src/assets/images/HYUNDAI GRAND SANTA FÉ.jpg",
      "combustivel": "Híbrido",
      "categoria": "SUV",
      "estado": "novo",
      "tipo": "carro",
      "preco": "215.000",
      "km": "0",
      "cambio": "Automático",
      "cidade": "Porto Alegre - RS",
      "info": "SUV híbrido com motor 2.5, 7 lugares e alta tecnologia"
    },


    {
      "modelo": "Mustang",
      "ano": "2023",
      "marca": "Ford",
      "foto": "/src/assets/images/FORD_MUSTANG.jpg",
      "combustivel": "Gasolina",
      "categoria": "esportivo",
      "estado": "novo",
      "tipo": "carro",
      "preco": "1329.900",
      "km": "0",
      "cambio": "Automático",
      "cidade": "São Paulo - SP",
      "info": "Mustang GT, motor 5.0 V8, performance e design icônicos"
    },
    {
      "modelo": "Fiesta",
      "ano": "2022",
      "marca": "Ford",
      "foto": "/src/assets/images/FORD_FIESTA.jpg",
      "combustivel": "Flex",
      "categoria": "hatch",
      "estado": "usado",
      "tipo": "carro",
      "preco": "55.000",
      "km": "20000",
      "cambio": "Manual",
      "cidade": "Curitiba - PR",
      "info": "Hatch compacto, motor 1.6, perfeito para a cidade"
    },
    {
      "modelo": "EcoSport",
      "ano": "2021",
      "marca": "Ford",
      "foto": "/src/assets/images/FORD_ECOSPORT.jpg",
      "combustivel": "Flex",
      "categoria": "SUV",
      "estado": "usado",
      "tipo": "carro",
      "preco": "85.000",
      "km": "25000",
      "cambio": "Automático",
      "cidade": "Porto Alegre - RS",
      "info": "SUV compacto, motor 2.0, ideal para a cidade e estrada"
    },
    {
      "modelo": "Fusion",
      "ano": "2020",
      "marca": "Ford",
      "foto": "/src/assets/images/FORD_FUSION.jpg",
      "combustivel": "Gasolina",
      "categoria": "sedan",
      "estado": "usado",
      "tipo": "carro",
      "preco": "105.000",
      "km": "35000",
      "cambio": "Automático",
      "cidade": "Rio de Janeiro - RJ",
      "info": "Sedan de luxo, motor 2.5, conforto e tecnologia"
    },
    {
      "modelo": "Ranger",
      "ano": "2022",
      "marca": "Ford",
      "foto": "/src/assets/images/FORD_RANGER.jpg",
      "combustivel": "Diesel",
      "categoria": "picape",
      "estado": "novo",
      "tipo": "carro",
      "preco": "159.900",
      "km": "0",
      "cambio": "Automático",
      "cidade": "São José - SC",
      "info": "Picape média, motor 3.2 Diesel, ideal para trabalho e aventura"
    },
    {
      "modelo": "Ka",
      "ano": "2021",
      "marca": "Ford",
      "foto": "/src/assets/images/FORD_KA.jpg",
      "combustivel": "Flex",
      "categoria": "hatch",
      "estado": "usado",
      "tipo": "carro",
      "preco": "48.000",
      "km": "30000",
      "cambio": "Manual",
      "cidade": "São Paulo - SP",
      "info": "Hatch pequeno, motor 1.0, ideal para quem busca economia"
    },
    {
      "modelo": "Explorer",
      "ano": "2023",
      "marca": "Ford",
      "foto": "/src/assets/images/FORD_EXPLORER.jpg",
      "combustivel": "Gasolina",
      "categoria": "SUV",
      "estado": "novo",
      "tipo": "carro",
      "preco": "280.000",
      "km": "0",
      "cambio": "Automático",
      "cidade": "Brasília - DF",
      "info": "SUV grande, motor V6, ideal para viagens longas e família"
    },
    {
      "modelo": "Edge",
      "ano": "2022",
      "marca": "Ford",
      "foto": "/src/assets/images/FORD_EDGE.jpg",
      "combustivel": "Gasolina",
      "categoria": "SUV",
      "estado": "usado",
      "tipo": "carro",
      "preco": "150.000",
      "km": "20000",
      "cambio": "Automático",
      "cidade": "Curitiba - PR",
      "info": "SUV médio, motor 2.0 Turbo, ótimo para viagens e passeios"
    },
    {
      "modelo": "Maverick",
      "ano": "2023",
      "marca": "Ford",
      "foto": "/src/assets/images/FORD_MAVERICK.jpg",
      "combustivel": "Flex",
      "categoria": "picape",
      "estado": "novo",
      "tipo": "carro",
      "preco": "149.900",
      "km": "0",
      "cambio": "Automático",
      "cidade": "São Paulo - SP",
      "info": "Picape híbrida com motor 2.5, eficiente e compacta"
    },
    {
      "modelo": "Mustang Mach-E",
      "ano": "2023",
      "marca": "Ford",
      "foto": "/src/assets/images/FORD_MUSTANG_MACH_E.jpg",
      "combustivel": "Elétrico",
      "categoria": "SUV",
      "estado": "novo",
      "tipo": "carro",
      "preco": "325.000",
      "km": "0",
      "cambio": "Automático",
      "cidade": "Rio de Janeiro - RJ",
      "info": "SUV 100% elétrico, design inovador, motor potente"
    },
    {
      "modelo": "Fiesta ST",
      "ano": "2020",
      "marca": "Ford",
      "foto": "/src/assets/images/FORD_FIESTA_ST.jpg",
      "combustivel": "Gasolina",
      "categoria": "esportivo",
      "estado": "usado",
      "tipo": "carro",
      "preco": "98.000",
      "km": "15000",
      "cambio": "Manual",
      "cidade": "Florianópolis - SC",
      "info": "Hatch esportivo, motor 1.6 Turbo, desempenho arrojado"
    },
    {
      "modelo": "F-150",
      "ano": "2022",
      "marca": "Ford",
      "foto": "/src/assets/images/FORD_F150.jpg",
      "combustivel": "Gasolina",
      "categoria": "picape",
      "estado": "novo",
      "tipo": "carro",
      "preco": "265.000",
      "km": "0",
      "cambio": "Automático",
      "cidade": "Brasília - DF",
      "info": "Picape de luxo, motor V8, ideal para trabalho pesado e conforto"
    },
    {
      "modelo": "Fusion Hybrid",
      "ano": "2022",
      "marca": "Ford",
      "foto": "/src/assets/images/FORD_FUSION_HYBRID.jpg",
      "combustivel": "Híbrido",
      "categoria": "sedan",
      "estado": "novo",
      "tipo": "carro",
      "preco": "130.000",
      "km": "0",
      "cambio": "Automático",
      "cidade": "São José - SC",
      "info": "Sedan híbrido com motor 2.5, eficiência e ótimo desempenho"
    },
    {
      "modelo": "Ford GT",
      "ano": "2023",
      "marca": "Ford",
      "foto": "/src/assets/images/FORD_GT.jpg",
      "combustivel": "Gasolina",
      "categoria": "esportivo",
      "estado": "novo",
      "tipo": "carro",
      "preco": "1.200.000",
      "km": "0",
      "cambio": "Automático",
      "cidade": "São Paulo - SP",
      "info": "Superesportivo, motor V6, performance de alto nível"
    },
    {
      "modelo": "Focus",
      "ano": "2022",
      "marca": "Ford",
      "foto": "/src/assets/images/FORD_FOCUS.jpg",
      "combustivel": "Flex",
      "categoria": "hatch",
      "estado": "usado",
      "tipo": "carro",
      "preco": "65.000",
      "km": "18000",
      "cambio": "Automático",
      "cidade": "São Paulo - SP",
      "info": "Hatch médio, motor 2.0, conforto e performance"
    },










    {
      "modelo": "Corolla",
      "ano": 2021,
      "marca": "Toyota",
      "foto": "/src/assets/images/TOYOTA COROLLA.jpg",
      "combustivel": "Híbrido",
      "categoria": "sedan",
      "estado": "novo",
      "tipo":"carro",
      "preco": "224.900",
      "km": "46.079",
      "cambio": "Automatico",
      "cidade": "Rio de Janeiro - RJ",
      "info":"2.0 VVT-IE FLEX XRE DIRECT SHIFT"

    },
    {
      "modelo": "Mustang",
      "ano": 2022,
      "marca": "Ford",
      "foto": "/src/assets/images/ferrari.webp",
      "combustivel": "Gasolina",
      "categoria": "Esportivos",
      "estado": "usado",
      "tipo":"carro",
      "preco": "300.0",
      "km": "350.0",
      "cambio": "Automatico",
      "cidade": "Gaspar",
      "info":"informaçao"

    },
    {
      "modelo": "Model S",
      "ano": 2023,
      "marca": "Renault",
      "foto": "/src/assets/images/ram.webp",
      "combustivel": "Elétrico",
      "categoria": "eletrico",
      "estado": "usado",
      "tipo":"carro",
      "preco": "300.0",
      "km": "350.0",
      "cambio": "Automatico",
      "cidade": "Gaspar",
      "info":"informaçao"

    },

    {
      "modelo": "Civic",
      "ano": 2020,
      "marca": "Honda",
      "foto": "/src/assets/images/bmw.jpg",
      "combustivel": "Gasolina",
      "categoria": "sedan",
      "estado": "novo",
      "tipo":"carro",
      "preco": "300.0",
      "km": "350.0",
      "cambio": "Automatico",
      "cidade": "Gaspar",
      "info":"informaçao"

    },
    {
      "modelo": "Corolla",
      "ano": 2021,
      "marca": "Fiat",
      "foto": "/src/assets/images/camaro.jpg",
      "combustivel": "Híbrido",
      "categoria": "sedan",
      "estado": "usado",
      "tipo":"carro",
      "preco": "300.0",
      "km": "350.0",
      "cambio": "Automatico",
      "cidade": "Gaspar",
      "info":"informaçao"

    },
    {
      "modelo": "Mustang",
      "ano": 2022,
      "marca": "Ford",
      "foto": "/src/assets/images/ferrari.webp",
      "combustivel": "Gasolina",
      "categoria": "Esportivos",
      "estado": "novo",
      "tipo":"carro",
      "preco": "300.0",
      "km": "350.0",
      "cambio": "Automatico",
      "cidade": "Gaspar",
      "info":"informaçao"

      
    },
    {
      "modelo": "Model S",
      "ano": 2023,
      "marca": "BMW",
      "foto": "/src/assets/images/ram.webp",
      "combustivel": "Elétrico",
      "categoria": "eletrico",
      "estado": "novo",
      "tipo":"carro",
      "preco": "300.0",
      "km": "350.0",
      "cambio": "Automatico",
      "cidade": "Gaspar",
      "info":"informaçao"

    }
  ]
}
